movie_id,genre_id
19995,28
206647,28
49529,28
99861,28
209112,28
57201,28
49521,28
122917,28
1930,28
20662,28
135397,28
37724,28
558,28
68721,28
68728,14
102382,28
127585,28
54138,28
62177,16
188927,28
14161,28
258489,28
8487,28
297761,28
278927,10751
102651,14
79698,28
100402,28
10192,35
47933,28
10191,14
315011,28
131634,28
27022,14
810,14
68735,28
109445,16
76338,28
76341,28
177677,28
10196,28
82703,16
608,28
140300,28
944,28
7364,28
1771,28
417859,28
86834,18
131631,878
172385,16
861,28
435,28
9471,28
70981,878
10996,10751
1895,878
2395,14
290595,28
9619,28
166424,28
1593,28
1639,28
10204,28
286217,18
76163,28
116711,16
41216,16
184315,28
138103,28
9806,28
1408,28
607,28
4327,28
10528,28
1996,28
291805,28
46195,16
664,28
22538,28
9637,9648
27578,53
70160,878
6068,28
2135,878
9822,28
1656,28
11228,28
9562,28
9922,18
76649,28
2023,37
17711,28
602,28
9802,28
332,28
11678,28
6520,28
11375,28
11866,28
920,16
7451,28
228165,16
3132,28
8427,28
49021,28
10550,28
188207,28
9703,28
9342,28
5551,28
9350,28
9208,28
11983,28
9292,28
10783,28
12138,28
1271,28
39514,28
9620,28
17610,35
11679,28
9664,28
123553,28
210860,35
381902,28
293660,28
1370,28
35791,28
1924,28
9618,28
2320,28
1729,28
72197,16
145220,35
14623,28
8536,28
479,28
6519,28
10329,28
13811,28
6038,28
9631,28
1907,18
9691,28
72710,28
10061,28
11212,28
15268,28
6415,28
1368,28
1537,28
8987,28
9759,28
9906,14
2207,28
9381,28
9625,28
58233,80
1369,28
79,18
12279,28
9361,28
11551,35
10336,28
11362,28
1579,28
708,28
11370,28
12704,28
15074,28
256040,28
9488,28
10871,28
44264,18
152,878
11667,28
9093,10752
4515,28
18886,28
37498,28
11876,10752
1381,18
7305,28
698,28
1637,28
1669,28
10762,28
9766,28
12244,28
9042,28
14164,28
367961,14
62206,28
59859,28
15927,18
14560,28
134,28
208763,53
12589,28
1497,878
11969,28
11676,28
14317,16
34813,28
10861,28
6978,28
24264,28
168705,28
38543,10749
168,878
227707,14
5550,28
153158,16
1499,28
9760,28
3989,10402
9954,28
328387,9648
15070,28
17134,28
16608,28
129,14
13523,35
11904,28
38665,28
11411,28
4723,28
25763,28
9285,35
10956,9648
13491,28
33196,28
11153,35
8975,28
172391,16
12227,28
13950,28
9448,28
238603,10751
1251,28
12144,16
10136,28
154,28
13335,35
17130,28
129670,18
13888,18
601,878
9355,28
10999,28
13938,28
10090,28
37931,28
15067,28
11576,28
11282,35
152747,28
10117,28
16651,28
34723,28
11583,53
27549,28
14351,28
12484,28
17339,28
5689,10749
352978,53
146631,28
19933,14
24746,28
18808,28
2661,10751
43884,28
171424,28
201132,18
10105,28
285,12
767,12
1452,12
58,12
57158,12
2268,12
12155,10751
9543,12
76757,878
58595,12
49051,12
675,12
674,12
18360,12
10195,12
62213,35
43074,28
50620,12
673,12
671,12
22,12
18823,12
1911,12
1979,12
120,12
10137,16
672,12
16523,10751
9946,28
18,12
150689,10749
122,12
121,12
68737,12
1995,12
32657,12
10756,53
9387,12
9593,12
62764,12
8247,12
11253,12
364,28
55301,35
12159,18
9678,35
4442,12
75,35
9992,12
23685,12
23629,28
879,12
587,12
2270,12
24021,12
9824,12
72331,28
6795,10751
9947,28
1427,80
9334,28
6435,18
137321,18
2312,12
9007,35
71676,28
795,18
18239,12
72105,35
44603,18
9304,35
46528,12
10610,53
8850,12
2687,35
24418,12
20542,12
8966,12
16911,28
11979,18
35019,35
14442,10751
8967,18
9616,18
14113,10751
202575,10751
9294,18
10096,35
3933,10749
9823,28
10658,35
8054,12
9449,12
8011,28
6116,12
26672,12
9312,28
16690,12
13948,35
12142,28
128,12
8953,16
44638,18
73191,10751
9610,12
9626,12
38117,18
9100,18
12211,28
137,10749
36819,10751
15301,18
2619,35
164372,16
1024,18
290825,35
10991,12
252,10751
84175,18
13856,18
158752,27
24869,28
985,18
105864,12
82690,10751
5255,12
10527,10751
5559,10751
50321,12
11619,12
81188,14
270946,10751
9502,12
17578,12
49519,12
10545,18
11688,12
9016,12
10501,12
7484,12
7518,35
9023,37
293644,35
8587,10751
309809,12
953,10751
211672,10751
153518,10751
809,12
12610,12
9837,12
8916,12
77174,10751
10199,12
137106,12
16866,878
14411,10751
10530,12
808,12
9975,12
228326,10749
10386,12
9487,12
18937,14
10315,12
77459,12
1273,12
16340,12
533,12
57089,35
223702,12
36696,10751
4935,14
14873,10751
12819,10751
133931,35
9389,28
19405,878
149,878
20455,14
292481,10751
142061,28
9662,12
8885,18
408,14
46256,12
254,12
72190,28
17979,16
44826,12
157336,12
4922,14
117251,28
652,12
147441,12
281957,37
2503,28
87827,12
42888,35
254128,28
98,28
18487,53
9268,28
106646,80
205775,53
29193,80
37786,35
7980,14
921,10749
8358,12
2502,28
9798,28
297,14
9339,35
1949,80
8656,28
9291,35
8834,28
228150,10752
594,35
6538,35
9567,28
2026,9648
20829,35
197,28
1997,12
152760,10752
978,12
44564,35
80585,35
201088,80
26428,12
300673,28
12113,28
1844,10749
72976,36
41733,35
345,9648
196867,35
9440,35
257,80
253412,12
9331,28
300168,28
3536,28
9087,35
273248,80
497,14
2501,28
2275,80
37165,35
5994,35
75780,80
9509,28
137094,28
7485,28
82682,80
9849,35
12201,80
4958,14
2100,28
11358,12
13,35
8488,35
109424,28
7303,35
9315,53
8818,36
3580,80
12123,28
9833,53
242,80
9621,35
261023,80
3683,10752
97630,53
1850,35
9390,35
10312,35
388,80
50646,35
6950,28
2251,53
300671,28
66,80
4421,28
11892,80
1248,80
12220,35
10782,28
9573,80
10047,12
9770,28
109491,14
10416,35
1900,53
4547,80
2148,10402
9894,35
11091,35
325789,80
11130,35
10478,35
82525,80
5955,80
10858,36
1494,28
819,80
10935,28
10468,35
25189,35
1830,80
9476,12
10398,80
1645,80
193756,28
24803,10749
9036,12
296098,53
8007,28
50348,80
2044,10749
209451,10402
10385,35
11431,35
38357,35
13536,80
10461,28
80278,53
16643,35
78698,12
266396,28
8271,53
11934,35
14392,28
8842,10749
12289,12
44865,28
12508,10402
10534,28
23168,80
4944,35
227735,10751
8409,28
365222,28
350,35
2118,80
140823,35
9366,80
49022,35
8197,80
11004,35
144336,28
285783,12
9726,35
21311,10749
85446,10402
12596,35
3594,53
157841,12
10253,14
38073,35
120467,35
10559,80
9032,35
11036,10749
18126,35
4476,12
9598,14
4133,80
10207,10749
21972,35
37056,35
307081,28
293863,14
1262,35
9452,35
16232,35
43539,10749
11702,28
46829,35
4512,28
76349,12
1874,36
215211,10749
315664,35
318846,35
9428,35
78,878
192102,28
10025,35
10317,35
13490,35
9583,35
8944,35
169917,80
31640,80
788,35
117,80
6977,80
392,35
1265,12
75174,28
10030,35
9655,35
152737,35
319888,35
1909,10749
8051,35
60309,80
59440,28
9903,35
20766,12
72113,35
12404,35
48034,35
83770,12
174751,28
177,35
20761,35
41283,80
6973,36
354110,37
256917,10752
251,14
11395,14
1642,80
270487,35
11661,10749
164457,53
2196,35
1646,80
31005,10749
840,878
274,80
65057,35
162,14
273895,36
9963,53
272878,12
33644,35
9895,35
27579,80
10139,36
617,80
243,35
38,878
577,14
9945,28
13159,35
526,12
22796,35
5915,12
9842,35
15644,28
290751,80
6963,35
2639,35
42618,35
109417,10402
256962,35
23367,35
241239,80
13250,80
581,12
385383,28
2669,28
50725,35
22479,53
1878,12
2280,14
8643,80
21301,35
10013,35
160588,35
43959,28
44115,12
253235,35
522,35
245703,12
37903,80
43434,80
31166,53
8328,10402
9675,35
26390,80
27759,28
9310,35
1491,14
4032,35
10673,80
83666,35
1417,14
16161,80
49950,53
13972,35
10571,35
30890,35
18475,35
9689,35
34647,14
185567,80
264656,37
35696,35
146,12
205596,36
17202,35
586,35
134411,53
77016,80
11478,80
10564,35
947,12
17127,35
17880,35
11495,14
9686,35
14024,10402
8321,35
1018,53
38031,35
13853,12
253450,28
10185,9648
13501,35
264999,35
71688,36
10368,35
1440,10749
43949,10749
9603,35
801,35
332567,27
15250,35
38223,35
492,14
3682,10402
144340,35
8952,35
62204,12
9504,80
37414,80
14574,10752
21612,80
36691,35
10611,35
9281,80
9762,10402
76726,878
10269,10402
222935,10749
57157,35
46889,35
387,28
14799,35
1255,27
8669,35
179144,35
844,14
8060,80
15907,12
327,80
13079,53
50601,10752
10377,35
1817,53
1587,10749
11109,80
63020,35
96399,36
304410,35
9289,28
9034,35
15037,35
227,80
11545,35
27322,35
88005,35
24034,16
9952,12
256924,35
252512,35
73567,80
41479,35
25350,35
66767,10402
219,35
40794,35
10472,35
14181,80
10705,10752
9685,35
14057,35
12454,35
8883,80
19644,28
11818,12
242582,80
773,35
235,80
10734,80
40807,35
1359,53
14629,35
44009,35
43923,35
46138,35
403,35
9388,35
2610,35
11308,35
2011,16
7326,35
19913,35
17908,35
398,80
308639,80
12573,35
44718,35
241771,10749
39053,35
39210,35
1956,9648
306745,10749
9571,35
650,80
8998,35
18923,10749
62255,28
338,35
642,36
1725,80
16158,35
10215,35
15256,35
9282,80
97614,80
3482,28
455,35
1548,35
4997,80
193722,35
16633,878
211954,35
504,80
173,12
147773,35
24266,10751
59968,35
323677,28
24973,36
8346,35
13090,35
14662,35
17431,878
13996,35
45658,35
4553,53
1415,35
14474,35
8744,80
244403,10402
297596,53
64720,53
712,35
10339,12
1429,80
9303,80
641,80
141,14
39800,35
116613,28
11826,80
10947,35
703,35
27191,28
987,10749
39781,35
5925,12
1809,35
2370,28
11013,35
48309,80
44945,80
60422,35
22301,28
8618,35
18900,80
26268,28
573,80
25376,80
14256,35
20055,80
256740,28
50839,53
13973,35
11129,35
11564,28
108346,10749
805,27
284,35
132344,10749
40247,35
868,80
10683,35
11229,35
342,35
192210,28
248,35
24748,28
401,35
157386,35
360339,53
595,80
226,80
55604,12
11023,80
7873,80
331190,80
15186,35
1378,10749
34335,80
3766,80
153795,35
21309,80
38358,27
104,28
11426,10752
592,80
3083,35
10707,35
308529,28
18079,80
46729,35
137347,35
19997,80
215924,35
811,12
103,80
5722,35
18712,28
26791,80
21413,35
46727,10749
18206,80
186935,80
269057,878
654,80
3170,16
838,35
211086,99
12281,80
346,28
45649,35
15389,35
11240,10749
55123,35
1550,35
2255,35
109729,53
40920,10402
5822,28
39141,35
473,9648
14337,878
6479,18
7978,18
2655,18
6171,18
71679,28
8078,878
9009,18
257445,12
1813,18
36586,14
10320,18
60304,14
928,35
9095,18
9360,12
2637,18
6114,10749
9913,18
10391,18
9306,14
19898,28
9348,878
118957,28
6488,35
133805,18
11058,18
11249,18
924,14
10577,53
10016,28
58431,10749
1551,18
9092,14
46261,14
11152,18
43931,18
11954,14
43593,35
19908,35
24100,10751
8968,53
19901,14
539,18
61012,53
41402,18
4232,80
29427,9648
19994,35
9035,35
65086,18
9424,9648
14435,9648
12158,35
23988,35
11186,18
5876,878
157544,53
9552,18
9030,18
10212,35
86825,18
8913,18
927,14
13937,18
766,14
316727,28
11804,18
280092,18
9362,28
17577,28
244316,28
11217,35
10873,18
12192,80
301365,53
10925,35
25066,80
10664,53
243940,53
46838,35
36419,18
362105,35
8337,28
52015,18
310131,9648
205321,10770
46146,14
125490,878
158015,878
10285,14
15158,28
246403,35
234212,53
139038,35
254472,35
50698,53
10894,18
1961,35
39895,35
11298,18
10643,12
76487,53
9707,35
139715,35
11980,14
35073,12
74777,9648
290391,53
36095,80
559,14
10764,12
24428,878
1865,12
271110,12
44833,53
36668,12
8373,878
91314,878
20526,12
44912,12
217,12
155,18
1735,12
9804,12
14869,12
10138,12
119450,878
64686,18
503,12
87101,878
8960,14
2080,12
605,12
604,12
19585,14
956,12
36669,12
2310,12
616,18
13475,878
557,14
82702,14
1927,18
72559,12
2114,12
36643,12
1724,878
102899,878
101299,12
8961,12
82700,878
38055,16
49524,14
36658,12
58574,12
955,12
1250,53
68724,878
1894,12
1893,12
12100,18
98566,878
308531,14
714,12
80274,878
1495,18
36557,12
2059,12
2486,14
563,12
22972,10752
1734,12
331,12
61791,53
10661,35
10003,53
10357,878
49852,14
52451,12
157350,12
10159,12
954,12
274854,14
8870,53
72545,12
8698,14
330,12
9693,18
36657,12
10555,16
612,18
203801,35
37958,14
7450,16
4349,53
16869,18
200,878
2756,12
49017,27
9882,18
8814,12
52520,14
5137,9648
4614,53
36648,878
11412,80
16577,16
12160,18
710,12
11128,18
1487,14
6278,12
201,878
190859,10752
72431,18
156022,53
8584,12
8077,878
10632,18
285923,53
2112,18
1577,27
316152,10752
13498,35
89,12
198184,80
260346,53
8592,12
199,878
9869,18
36647,27
7737,27
9486,12
9826,12
9457,12
116977,16
5503,12
834,14
709,12
7461,18
440,14
11398,80
9978,12
9495,14
16320,878
9531,35
193,878
87421,878
14324,12
96721,18
2163,18
36670,12
268,14
943,12
12437,14
1576,27
169,878
336004,80
59965,53
49526,80
849,14
71469,27
1892,12
172,878
707,12
9920,878
9053,12
87,12
699,12
700,12
174,878
42807,80
1613,53
619,53
77866,53
11237,12
11165,36
10167,80
33157,36
290864,80
1891,12
30596,18
277,14
287948,53
10724,878
8456,18
85,12
20391,18
107985,35
755,27
8198,18
62630,18
157,878
218043,53
106,878
20483,10751
290555,27
241254,53
679,27
9594,53
4638,80
8009,12
8854,878
2110,18
64690,18
254904,80
16353,12
23759,12
24206,18
20083,18
691,12
44092,36
11967,80
9950,18
11,12
28932,18
14877,18
43090,18
208869,18
348,27
660,12
9400,18
327833,53
668,12
13072,18
10425,18
33542,80
312113,18
681,12
253,12
8068,53
10803,12
682,12
22314,18
13006,53
7347,18
1103,878
10622,80
11935,18
375290,53
3040,14
11536,18
48572,27
81390,12
34769,18
9516,18
658,12
13025,27
45132,35
8810,12
329540,53
646,12
39833,18
378237,18
18533,18
9659,12
41154,28
5174,28
14160,16
2698,14
150540,18
118,12
2062,16
65759,16
44896,16
228161,14
181533,12
8871,10751
37834,28
585,16
787,28
27581,28
18162,12
10214,14
11692,28
9408,16
9890,28
57800,16
863,16
5175,28
22794,16
8355,16
116745,12
7446,28
257344,28
9836,16
76492,16
59108,28
12107,14
16281,27
310,14
146216,28
11665,28
6964,18
9928,16
10202,14
50546,10749
2300,16
159824,16
10715,16
9447,12
93456,16
2976,10751
37821,28
9297,16
3172,28
8676,10749
35,16
11517,28
425,16
9021,14
4244,14
256591,10749
59962,28
9955,28
50359,16
136400,28
2642,10749
9279,10751
274479,18
170687,16
16558,10749
11775,80
8285,28
9713,18
889,878
10589,28
10022,28
9327,14
10603,12
8839,14
9374,14
175574,16
116149,10751
9767,10749
11817,28
9907,16
187017,80
302699,28
224141,14
74465,18
8920,16
306,28
4599,18
38579,10751
421,12
9548,28
18947,18
9896,12
1636,14
1389,10749
5393,16
888,14
7350,18
4379,10749
9981,10749
7453,12
17379,12
20856,12
2185,28
11812,10749
64688,28
509,10749
7443,16
136795,28
9607,12
54054,28
228967,28
27936,28
165,12
196,12
323675,28
6073,28
68179,16
39513,12
7288,28
72358,18
62214,16
10833,80
256961,28
76494,10749
10488,12
23742,28
11001,28
23048,878
222936,18
75531,18
817,12
10054,28
11459,12
50544,10749
11918,28
10012,27
268920,28
1969,28
2162,28
9600,80
11888,12
109414,28
38322,80
11519,28
11141,28
3587,14
24662,16
1574,28
862,16
2907,27
9273,80
11836,16
2755,18
82654,27
82696,18
59436,14
9013,12
10776,27
14034,28
18550,28
43347,18
58151,27
218778,10751
15198,18
23172,28
17834,12
525,10402
245,18
9825,27
56288,10751
10189,28
316002,10749
168530,28
11283,14
12277,28
9779,18
12620,10749
1268,10751
11932,27
9290,12
13374,18
9067,28
2621,10749
10208,14
20697,28
70868,10749
40688,16
9737,28
21349,18
22215,18
544,10749
11090,28
11323,18
109513,28
81836,10749
9473,16
82693,18
19255,18
10187,18
96,28
8872,10402
14405,12
11637,12
40264,27
239678,18
59860,12
13596,10749
9470,28
18357,12
13805,28
9716,10402
14396,28
21755,12
43935,28
105,12
25195,10749
854,10749
10147,18
816,878
302688,10749
60307,10751
194662,18
10535,28
10364,10752
22327,18
10982,16
7516,28
26602,18
74643,18
12657,10749
90,28
4011,14
18736,10751
287903,27
14736,28
342521,28
12257,18
16222,18
5236,28
6552,53
9104,18
114,10749
22345,878
5172,12
59678,28
23631,28
45324,80
126319,16
3179,16
7510,18
12094,28
256092,28
17708,28
121826,18
80271,18
24137,18
13067,10749
88641,18
10890,28
16781,18
1648,12
74534,18
1832,14
26352,28
9526,18
268238,18
9515,28
82532,18
29076,28
14195,53
68684,27
16162,18
9671,12
1547,27
272693,10749
11971,18
14429,18
9962,18
15049,28
291270,16
10288,10749
44147,28
77930,18
11342,12
14578,10749
9430,80
2293,10749
28053,18
67913,28
231576,18
1555,18
138697,10749
9012,99
71,18
747,27
351819,10749
15745,28
31175,18
50848,18
166624,18
165864,27
13408,28
5,80
25719,80
25209,28
5178,18
23330,28
765,27
49010,28
100975,18
79587,18
66942,10749
15875,12
11072,37
84329,878
7512,12
935,18
3082,18
19187,28
98369,18
26815,18
5769,12
242083,18
15708,18
14451,27
2056,18
117942,27
3062,10402
762,12
13282,28
324352,10749
51942,18
173224,10749
21334,18
84355,18
9372,99
47607,10749
692,27
1966,10752
2024,18
3131,18
76758,18
855,28
10733,37
8665,18
4464,18
1904,18
1439,18
10590,28
857,18
1852,18
22954,18
13922,28
1722,18
4517,18
16072,18
8741,18
10533,18
113464,18
8095,18
11831,18
1887,18
19495,28
1883,18
2447,18
10410,80
18320,18
26843,28
192136,18
18254,18
11400,18
14292,18
9549,18
61891,18
1934,10749
5902,18
10523,18
424,18
746,18
4518,18
293646,18
783,18
76203,18
2428,18
17277,18
279,18
9829,18
321697,18
127560,18
205,18
45269,18
613,18
11202,18
14299,18
21345,18
30973,18
42345,18
14729,37
184374,10752
43418,18
1116,18
11620,18
3291,18
28089,18
13537,18
58882,18
16564,18
9443,18
1955,18
152532,18
29996,18
46332,18
874,18
826,18
821,18
28005,18
549,18
887,18
72913,18
1779,99
68718,18
347969,35
20533,28
13496,28
12106,28
12690,18
576,12
29715,10752
296,28
27205,28
95,28
56292,28
74,12
51497,28
49040,28
324668,28
49047,878
1571,28
1635,28
180,28
280,28
36955,28
37710,28
1372,18
47964,28
44048,28
1422,18
1572,28
2253,18
179,80
4477,80
9772,28
59961,28
298,80
9884,28
9341,28
11324,18
1701,28
13027,9648
20504,28
11618,27
14462,18
11973,18
9533,80
4858,878
8909,28
9741,878
2675,18
3595,28
1573,28
9257,28
9697,18
117263,28
107846,28
9008,18
1880,28
10483,28
100241,27
189,80
210577,9648
39538,18
4824,28
3512,28
5820,28
8963,28
8984,18
8195,28
34314,28
10375,28
1717,18
11456,9648
38050,878
225574,28
752,28
46529,28
231,18
2649,18
216282,28
6623,28
9624,28
9879,18
4959,18
11615,18
11968,28
69668,18
38363,18
11863,28
18501,28
47327,14
181283,80
10684,18
10731,18
146233,18
2636,28
38153,28
68734,18
9623,18
27582,28
49730,14
745,9648
49527,28
187,28
820,18
4970,27
62835,28
9544,27
1272,878
1957,18
11306,18
8470,18
48171,18
1598,80
49530,28
94348,28
10685,9648
13460,28
59,18
9335,28
8012,35
59967,28
4105,28
16871,27
4513,27
22970,27
50456,28
48340,28
2122,35
37707,27
146238,80
45610,28
10955,80
562,28
2832,9648
5125,18
186,18
8080,80
16617,9648
11460,27
7445,18
2057,18
70436,80
8681,28
162903,18
7191,28
794,27
11351,27
10431,28
276907,80
65055,27
1770,18
17707,18
77883,27
64639,18
242166,28
10866,9648
70435,28
580,12
2453,28
3021,27
8999,18
2176,18
204082,28
9075,18
204922,9648
38985,28
1073,18
7341,27
49517,18
1946,28
9682,27
579,27
138843,27
21208,27
314365,18
1975,27
76617,27
48289,18
17182,18
10069,27
9414,35
81796,28
15092,28
146198,28
48231,18
77948,28
694,27
10065,27
2575,18
3597,27
948,27
9792,27
16028,27
2989,12
79694,27
13788,27
10053,27
18405,80
11442,27
1562,27
116,18
9793,27
12162,18
64689,80
7501,80
1988,18
8461,27
10045,28
74536,18
9877,27
11586,27
44214,18
10131,27
1954,878
136835,80
264644,18
28211,18
158011,80
319,28
578,27
75674,28
9357,27
1948,28
60599,18
227719,878
12088,28
10944,9648
4170,18
12149,18
11917,27
373314,18
214,27
663,27
8922,27
10163,27
10135,28
20616,18
9902,27
14283,18
329440,27
101173,18
18191,18
245846,18
78383,27
667,28
10306,27
10585,27
238636,27
6521,18
9656,27
170,27
11596,27
22821,28
1958,35
13154,28
7735,18
71859,18
27004,80
8374,28
78381,27
14576,28
82505,27
10514,878
4836,18
87499,18
218,28
10160,27
11361,27
83686,18
58626,28
51995,35
91586,27
345911,27
10072,27
11284,27
227348,27
77,9648
256274,27
10283,27
10987,27
11357,27
50357,27
192141,28
298312,27
57876,27
77949,27
77987,18
146203,27
39303,27
41436,27
82507,27
5780,9648
670,18
260947,9648
10281,27
9730,27
14139,878
8875,27
9728,27
9731,27
657,28
270303,27
582,18
55,18
10656,28
18616,27
26388,18
1999,18
49018,27
104755,27
312791,27
9725,27
500,80
94329,28
277685,27
10092,27
207769,27
2652,18
9813,18
74725,27
58428,27
36584,18
75986,18
83,18
43933,18
2786,18
299245,27
20981,27
49026,28
9799,28
272,28
415,28
163,53
40805,28
9679,28
11322,36
4982,18
414,28
314,28
257088,28
65754,53
1535,28
161,53
9615,28
754,28
4147,53
9705,28
584,28
75656,53
4551,35
33909,18
11371,28
136797,28
818,35
9072,35
9654,28
1538,18
9384,35
267860,28
9932,35
13389,28
8838,28
24,28
393,28
70074,28
22803,18
640,18
524,18
26389,28
2116,53
22832,28
241554,28
2252,53
9923,28
9275,35
12634,35
913,18
82675,28
1493,35
2034,28
13184,28
10027,28
2749,28
168672,18
1213,53
11565,35
11975,18
8224,53
203,18
6071,28
10428,28
138832,35
51540,35
109431,35
8065,18
88794,18
98357,53
119283,28
22787,28
13056,28
9702,28
9311,28
9280,53
127493,28
10877,28
326,28
7220,28
72387,28
22907,28
182,10752
322,53
9535,35
8292,28
36593,35
273481,28
109421,53
9271,28
184346,53
13150,53
76640,28
9989,28
311,18
265208,53
4912,35
23483,28
2001,18
254473,28
134374,53
11509,28
2085,28
769,18
111,28
2140,28
10623,28
190955,53
278,18
284536,53
11699,18
109091,53
2069,35
10480,35
37137,35
10878,35
4108,28
1051,28
13279,18
8848,53
1266,28
470,18
4597,28
5971,35
11835,28
106747,28
199373,53
6968,28
12150,18
2757,35
146227,28
13809,28
332411,28
1620,28
41439,27
7304,28
10629,18
25166,35
68727,53
18777,9648
2142,28
97367,18
115,35
4911,28
8053,12
6687,53
400,18
86838,35
240,18
11592,35
2084,35
47502,35
16,18
184,35
57214,35
10220,18
11027,10749
107,53
9455,28
1542,35
10029,35
2088,28
10388,28
68812,53
13483,53
680,53
9490,35
13197,28
302,53
389425,28
11022,28
25941,53
238,18
14112,18
334527,53
629,18
92591,35
20794,35
8982,28
9277,35
21610,28
122081,18
14854,28
11042,35
16148,35
36351,18
245916,53
313922,27
13685,35
9336,35
12079,35
13807,28
11386,10749
9809,35
8141,35
37495,35
598,18
627,18
5854,35
26039,28
43213,28
11798,18
364083,18
95755,35
43947,53
24066,35
9344,18
13820,35
507,28
100,35
39939,35
9367,28
13576,10402
16290,35
37003,10402
89708,18
292,35
9459,36
324322,10402
21525,10402
139948,10769
534,28
68726,28
38356,28
1726,28
137113,28
118340,28
49538,28
1858,12
2789,28
97020,28
75612,28
76170,28
262500,12
262504,12
39254,28
2048,28
869,53
83542,18
157353,53
644,18
686,18
9383,28
2277,35
49049,28
10200,18
19959,28
5491,28
10077,53
395,12
44943,28
846,9648
603,28
329,12
8914,28
8645,53
38321,28
8413,27
10384,27
11260,35
8202,28
37686,53
10796,28
167,18
88751,28
841,28
228066,18
240832,28
34851,28
10366,28
4965,28
110415,28
299687,12
782,53
8843,27
2900,18
45612,53
31867,28
865,28
10350,28
192577,16
8831,53
2666,9648
227156,18
22825,53
2787,53
152601,10749
957,35
3509,16
7299,28
10017,10749
8408,27
12120,35
1090,53
68,35
19,18
262543,53
11470,27
97370,53
264660,18
59457,10749
860,53
13812,27
31915,27
10133,53
11336,27
22824,9648
106845,27
11827,16
62215,18
10179,28
110402,18
13001,12
33155,35
333371,53
199933,18
29426,27
1685,12
3034,35
1687,28
20764,18
28260,35
1705,28
205126,28
1688,28
23730,27
50037,14
320146,18
30315,27
18045,27
431,53
55420,18
33468,27
242095,53
13448,53
13183,28
27576,28
591,53
11026,27
8688,80
6947,18
1903,18
3093,80
11015,27
12117,18
9566,18
588,27
9481,18
320,80
9944,18
768,27
11439,53
37233,18
11560,18
4234,27
19912,27
48138,28
1124,18
1586,53
41446,27
55779,27
30943,18
622,27
1091,27
13515,27
8836,18
198663,28
11313,18
807,80
3489,80
11208,18
9667,18
2043,80
9437,18
28355,27
9358,27
238615,878
1985,18
9286,27
11096,27
15992,18
8338,18
9729,18
4233,27
3600,27
4566,18
14359,18
9645,27
6933,27
10740,18
11377,27
5279,18
11644,18
11468,18
18615,18
9276,27
18681,18
12403,53
18041,18
26688,27
3049,35
11601,27
286565,18
22804,27
62,878
1970,27
321258,27
44040,27
328425,53
11507,80
47890,12
12245,80
11588,53
11033,27
837,27
26748,18
24913,27
512,35
10225,27
351043,53
10676,27
8329,27
92182,27
309919,53
4174,18
10972,27
23963,27
301325,18
223,18
176,27
11219,35
271185,18
9022,27
2667,27
23827,27
10197,18
59981,16
82695,18
786,18
6477,35
824,18
9899,35
1677,18
11172,35
10537,18
6575,35
254470,35
69,18
277216,18
6478,18
19366,35
1584,35
3902,18
10028,10749
10560,18
175541,18
114150,35
9781,35
16769,18
15237,18
10186,35
1931,18
54518,99
101267,99
86829,18
12182,35
88036,18
164558,99
27586,18
67675,99
25196,18
16323,18
198277,35
535,18
16620,18
13370,35
12535,35
75861,18
29463,18
872,35
43546,35
43839,18
301351,18
159014,99
3080,35
704,35
65203,18
5723,18
268917,99
597,18
64682,18
676,36
24113,35
39451,35
1581,35
22897,35
12193,35
38317,35
453,18
1824,35
11086,18
4806,35
3981,35
9489,35
11820,18
12618,18
12177,35
693,35
19899,35
547,18
9302,18
9839,18
4942,35
1597,35
8273,35
42297,18
802,18
1819,35
11631,35
32856,35
2898,35
2022,35
9919,35
628,27
9801,35
10390,18
8874,35
508,35
4148,18
21355,18
6639,18
5966,35
11066,35
18240,35
216015,18
10184,35
9889,35
193610,35
4380,18
10761,35
10641,18
10647,18
1833,18
1921,18
194,35
24420,18
11529,35
20943,35
55787,18
5852,18
259694,35
11638,35
409,18
10806,35
11648,35
34806,35
2288,18
11622,35
9541,35
11823,35
10436,18
228205,18
77875,35
8055,18
55721,35
2770,35
72570,18
6557,35
10333,18
22947,18
9870,35
6023,18
4347,18
41233,18
59861,35
14846,35
17813,35
14844,35
12771,35
9778,35
4348,18
13092,35
4964,35
1259,18
6957,35
9454,18
62838,35
239571,18
634,35
41630,35
77877,18
14177,35
22971,18
40001,35
20309,35
152742,18
859,18
184098,35
13476,35
12658,35
11632,18
688,18
10445,18
1599,35
20857,35
13497,18
35688,35
296096,18
38303,35
34016,35
226857,18
9582,35
63492,35
10563,35
171274,35
314385,18
14202,18
41210,35
23082,35
25643,18
19840,35
10068,18
33870,18
2752,35
23049,35
255343,53
4584,18
2977,18
639,35
5038,18
23169,18
152599,18
73935,35
9576,35
744,28
22556,18
9587,18
266856,18
6961,35
1245,18
45272,18
51828,18
19265,35
42188,18
454,18
12405,18
10998,18
8291,18
2830,35
14434,35
24940,35
28029,18
87729,18
142,18
10712,18
222899,35
4951,35
25462,35
10691,18
58680,35
2266,18
84892,18
79777,18
13435,18
6615,35
2105,35
67660,35
1360,18
14191,14
31246,35
10362,18
38448,18
907,18
10229,18
796,18
167073,18
3175,18
10646,35
20009,35
14395,18
10314,35
9794,35
41823,18
10050,35
7942,35
73247,35
25520,18
1989,18
12779,35
20178,35
39037,35
217708,18
9700,18
86837,18
14811,18
17926,35
25968,18
10696,18
29963,18
26022,18
225565,35
23570,35
26306,18
7870,18
24684,18
2577,18
713,18
2074,35
34653,18
4251,18
37080,18
24985,18
11452,35
12163,18
1443,18
7547,18
321,35
1391,18
22649,18
1365,18
451,18
10744,18
133575,18
158150,35
770,18
35032,10402
11363,35
55347,18
11257,18
261,18
23531,35
84174,35
239,35
43306,18
468,18
76,18
17334,35
17820,10402
11561,35
80,18
33667,18
250124,18
542,18
191714,18
34106,35
129139,35
30082,18
86331,18
289,18
46705,18
113947,18
32456,18
19344,18
29146,18
47889,18
84332,35
45145,35
15624,18
9029,35
3078,35
60420,18
3060,18
10218,35
79120,18
40652,18
42497,18
38757,16
2454,12
62211,16
49013,16
10193,16
81005,28
10681,16
411,12
15512,16
158852,12
177572,12
10140,12
13053,16
49444,16
266647,12
80321,16
267935,12
77950,16
10567,16
7459,28
41513,16
13700,16
77931,14
10198,10749
12,16
8204,12
10674,16
10865,16
76285,12
4523,35
10481,35
39691,35
11544,16
9986,35
9574,35
41515,35
2157,12
49948,16
77951,16
109451,16
328111,16
950,16
15189,35
10808,35
3050,35
23398,35
20352,16
14306,35
9982,16
10708,35
10992,35
14836,16
10067,35
2309,12
58224,35
9444,16
13673,35
13836,12
11451,35
14199,12
926,35
64328,35
11359,12
10895,16
11011,35
257932,12
13600,12
62837,18
11802,16
22949,35
23479,35
14175,16
12429,16
10719,35
9353,35
9880,35
51162,16
13967,18
812,16
14444,16
10439,35
34584,18
13155,12
15028,12
36355,12
15487,18
1788,18
24961,12
14635,18
13680,35
82650,35
17709,35
772,35
8326,12
15655,16
9570,12
25132,35
333348,35
11113,18
21765,35
10800,16
28178,18
771,35
33217,35
11870,35
2493,12
9816,18
10985,35
56601,18
19084,35
34549,35
10414,35
17917,18
294272,12
268171,35
15699,18
15121,18
433,35
14144,35
37206,18
1088,18
26379,18
1667,99
1585,18
20737,35
34086,35
630,12
17264,12
61038,18
756,16
20653,16
246449,12
371690,878
77934,18
53182,28
9425,28
25,18
57212,18
10592,18
227306,18
12412,18
11858,35
423,18
22267,18
28,18
8988,18
10313,35
13405,18
11778,18
53457,18
2604,18
18516,18
283708,18
46738,18
792,18
11600,18
17139,18
44413,18
168259,28
246655,878
241259,14
57165,12
7552,35
205584,14
10048,28
8619,12
6972,18
2133,18
2567,18
38745,35
8489,18
227973,16
271969,18
2067,878
853,10752
8452,878
45243,35
109418,35
2289,18
71880,35
38365,35
1125,18
2539,35
10153,878
9718,35
10477,28
11258,53
214756,35
48988,35
38778,35
568,18
12133,35
76493,35
550,18
11170,18
2119,12
9641,35
294254,28
38167,18
9563,18
9422,18
16995,28
17332,18
10052,18
9676,18
11374,35
24438,35
116741,35
87428,35
8840,14
35056,35
1402,18
11353,35
10586,12
80035,35
1792,35
19724,35
2841,18
11321,18
8046,18
49520,35
2123,35
8367,12
109443,35
462,18
10201,35
274167,35
6877,35
60308,18
12103,53
9754,53
71552,35
205587,18
38319,35
329833,35
5176,37
1624,35
4256,35
4248,35
7214,18
6282,35
232672,35
27573,28
711,18
37950,18
18480,35
65,18
73937,35
1885,18
11007,35
11287,35
259693,27
37799,18
4257,35
257091,35
109410,18
100042,35
257211,35
16538,35
16996,35
32823,35
227159,35
9096,12
82687,35
225886,35
8457,35
64685,18
10060,18
8970,35
12184,18
1683,27
10718,28
10802,18
8849,35
64807,35
10400,18
12312,35
25793,18
68722,18
14325,18
312221,18
334,18
2155,53
18785,35
22881,18
271718,35
377,27
39486,18
13920,18
325133,35
89492,35
2959,35
609,27
13051,28
10066,27
8090,18
3604,878
321741,18
35169,35
20763,18
239573,35
881,18
9763,18
50647,35
10307,27
11978,18
87567,35
8649,18
124459,35
5494,12
302156,28
606,18
87502,18
296099,35
27569,18
10637,18
132363,18
9472,35
2925,35
17654,878
70,18
8780,35
10521,35
6439,35
76489,35
9266,12
7278,35
12763,10402
10152,35
72207,35
8978,53
9701,18
1947,18
9665,10752
271331,18
4967,35
323676,35
1428,28
15373,35
2018,35
137093,35
9398,35
112949,10749
3638,35
11780,12
11516,99
9746,18
13495,28
10024,18
303858,53
10330,35
951,35
2055,37
22894,27
17047,35
16784,35
615,18
380,18
13223,18
50014,18
6466,27
10327,35
88042,35
866,18
8699,35
10923,28
7345,18
198185,18
590,18
5123,18
57431,35
11543,35
8976,35
9469,18
9352,35
1831,35
10591,35
10397,18
200505,18
9787,18
9912,18
22256,18
1246,18
11635,35
10358,35
3558,18
10663,35
9532,27
10316,18
20024,18
228194,18
10950,18
235260,18
11453,35
146239,35
2294,35
44113,18
50780,18
16363,35
10678,35
226486,35
12153,35
376659,35
10073,35
16052,18
1164,18
4258,35
335778,28
55465,35
2355,18
7979,18
22074,99
10710,35
15005,18
295964,18
26171,18
15673,35
10929,27
4960,18
334531,18
32316,35
10448,12
184341,18
334074,53
52449,35
11247,35
12090,35
11683,27
195589,35
496,35
8835,35
10402,35
10625,35
790,27
1578,18
11457,18
68924,18
848,14
130150,18
12246,36
193613,10402
17436,18
75638,53
8363,35
193893,35
9988,35
146304,35
9429,35
13960,18
109428,27
58048,12
10760,35
11093,18
207,18
8467,35
24226,18
10781,27
318850,18
9800,18
3877,18
8265,35
14,18
9493,35
873,18
132232,27
208134,35
1165,18
11397,35
24150,27
228970,18
14047,18
11132,35
232679,18
23706,35
4995,18
14012,18
12212,27
157849,53
22798,18
97430,28
7874,18
9557,35
72359,35
25704,35
133694,18
36047,53
370980,18
288980,18
33,37
1951,18
864,35
34563,35
82679,35
2013,18
44754,18
243938,35
10876,18
1913,18
339984,18
8859,35
239563,35
16406,35
107811,35
24227,28
9672,18
8386,35
205220,18
6020,35
61752,35
9260,35
12479,35
61984,878
26466,27
236751,18
18530,18
291870,35
45317,18
249164,18
9942,35
687,18
10156,35
12837,12
31909,878
14369,35
16888,35
304357,18
1590,18
489,18
1588,35
11873,18
9614,35
10426,35
283445,27
42684,878
103731,18
19905,35
75900,18
10490,35
87093,18
87818,35
13160,35
73,18
404,18
209403,35
253331,18
1640,18
67911,35
55720,18
12703,18
78149,35
25186,35
16614,35
10471,35
250066,28
30497,27
2359,99
1621,35
14425,35
15568,18
250349,35
39806,18
175528,35
8069,878
16727,18
185008,10749
13751,18
14536,35
37735,35
51588,35
251321,18
374461,18
1691,27
12569,35
73873,18
326284,28
57119,35
79316,27
2662,27
11051,18
12400,18
12271,18
33676,35
44835,18
47088,35
250546,27
76025,18
21641,18
621,10749
1777,99
16619,18
11977,35
32275,37
1523,18
57612,99
13991,35
16172,35
15797,28
13990,18
59728,18
32395,18
244783,18
11901,37
925,18
7913,18
230266,18
215,27
72571,27
242512,27
82990,27
29912,18
11843,35
157547,27
2295,35
2895,18
284293,18
11959,35
335,37
78394,99
10217,18
343795,18
27585,18
77495,53
12498,18
1690,27
300706,35
16337,27
11577,37
10822,18
13342,35
6106,18
252680,35
510,18
10246,35
10331,27
153,18
287424,27
241251,53
40494,18
85350,18
10132,18
14517,14
15059,18
157847,18
27723,35
242575,18
111190,18
54580,18
257087,27
114635,27
10774,18
3116,18
9427,35
813,35
10634,35
16288,27
27029,18
3033,18
540,28
370662,99
244786,18
103663,18
301748,35
11697,37
8469,35
1430,99
10014,27
22013,18
3089,37
10557,35
18892,35
24469,18
38541,878
342502,53
666,18
43942,99
10476,18
209274,18
46849,18
332285,27
49471,18
356216,80
43610,18
11624,35
72213,18
990,18
39013,18
44639,99
14284,99
42889,35
273899,18
13075,18
115210,27
459488,99
11302,35
299553,53
702,18
4929,37
13909,37
10758,35
11690,28
15647,35
17113,18
4012,18
291362,35
29406,18
39209,37
394047,18
309,18
28580,18
43266,18
1412,18
357834,12
176124,18
429,37
89750,99
7553,35
55616,27
1366,18
9003,27
347126,18
546,18
1781,99
13508,99
8675,35
123678,99
13362,99
251471,99
272724,37
287524,27
91070,35
2009,18
84200,35
60243,18
8416,18
288,37
14275,99
7859,18
302579,18
11598,35
14438,18
14271,99
14757,18
180383,99
81220,18
8193,35
3059,18
764,27
103620,27
14278,99
389,18
26518,18
8942,18
73981,99
118452,18
391,37
43595,35
54897,18
69270,27
18632,35
339408,18
18925,18
360188,878
250902,99
2292,35
157185,27
19995,12
206647,12
49529,12
99861,12
209112,12
57201,12
49521,12
122917,12
1930,12
20662,12
135397,12
37724,12
558,12
68721,12
68728,12
102382,12
127585,12
54138,12
62177,12
188927,12
14161,12
258489,12
8487,12
297761,12
278927,12
102651,12
79698,12
100402,12
10192,12
47933,12
10191,12
315011,12
131634,12
27022,12
810,12
68735,12
109445,12
76338,12
76341,12
177677,12
10196,12
82703,12
608,12
140300,12
944,12
7364,12
1771,12
417859,12
86834,12
131631,12
172385,12
861,12
435,12
9471,12
70981,12
10996,12
1895,12
2395,12
290595,12
9619,12
166424,12
1593,12
1639,12
10204,12
286217,12
76163,12
116711,12
41216,12
184315,12
138103,12
9806,12
1408,12
607,12
4327,12
10528,12
1996,12
291805,12
46195,12
664,12
22538,12
9637,12
27578,12
70160,12
6068,12
2135,12
9822,12
1656,12
11228,12
9562,12
9922,12
76649,12
2023,12
17711,12
602,12
9802,12
332,12
11678,12
6520,12
11375,12
11866,12
920,12
7451,12
228165,12
3132,12
8427,12
49021,12
10550,12
188207,12
9703,12
9342,12
5551,12
9350,12
9208,12
11983,12
9292,12
10783,12
12138,12
1271,12
39514,12
9620,12
17610,12
11679,12
9664,12
123553,12
210860,12
381902,12
293660,12
1370,12
35791,12
1924,12
9618,12
2320,12
1729,12
72197,12
145220,12
14623,12
8536,12
479,12
6519,12
10329,12
13811,12
6038,12
9631,12
1907,12
9691,12
72710,12
10061,12
11212,12
15268,12
6415,12
1368,12
1537,12
8987,12
9759,12
9906,12
2207,12
9381,12
9625,12
58233,12
1369,12
79,12
12279,12
9361,12
11551,12
10336,12
11362,12
1579,12
708,12
11370,12
12704,12
15074,12
256040,12
9488,12
10871,12
44264,12
152,12
11667,12
9093,12
4515,12
18886,12
37498,12
11876,12
1381,12
7305,12
698,12
1637,12
1669,12
10762,12
9766,12
12244,12
9042,12
14164,12
367961,12
62206,12
59859,12
15927,12
14560,12
134,12
208763,12
12589,12
1497,12
11969,12
11676,12
14317,12
34813,12
10861,12
6978,12
24264,12
168705,12
38543,12
168,12
227707,12
5550,12
153158,12
1499,12
9760,12
3989,12
9954,12
328387,12
15070,12
17134,12
16608,12
129,12
13523,12
11904,12
38665,12
11411,12
4723,12
25763,12
9285,12
10956,12
13491,12
33196,12
11153,12
8975,12
172391,12
12227,12
13950,12
9448,12
238603,12
1251,12
12144,12
10136,12
154,12
13335,12
17130,12
129670,12
13888,12
601,12
9355,12
10999,12
13938,12
10090,12
37931,12
15067,12
11576,12
11282,12
152747,12
10117,12
16651,12
34723,12
11583,12
27549,12
14351,12
12484,12
17339,12
5689,12
352978,12
146631,12
19933,12
24746,12
18808,12
2661,12
43884,12
171424,12
201132,12
10105,12
285,14
767,14
1452,14
58,14
57158,14
2268,14
12155,14
9543,14
76757,14
58595,14
49051,14
675,14
674,14
18360,14
10195,14
62213,14
43074,14
50620,14
673,14
671,14
22,14
18823,14
1911,14
1979,14
120,14
10137,14
672,14
16523,14
9946,14
18,14
150689,14
122,14
121,14
68737,14
1995,14
32657,14
10756,14
9387,14
9593,14
62764,14
8247,14
11253,14
364,14
55301,14
12159,14
9678,14
4442,14
75,14
9992,14
23685,14
23629,14
879,14
587,14
2270,14
24021,14
9824,14
72331,14
6795,14
9947,14
1427,14
9334,14
6435,14
137321,14
2312,14
9007,14
71676,14
795,14
18239,14
72105,14
44603,14
9304,14
46528,14
10610,14
8850,14
2687,14
24418,14
20542,14
8966,14
16911,14
11979,14
35019,14
14442,14
8967,14
9616,14
14113,14
202575,14
9294,14
10096,14
3933,14
9823,14
10658,14
8054,14
9449,14
8011,14
6116,14
26672,14
9312,14
16690,14
13948,14
12142,14
128,14
8953,14
44638,14
73191,14
9610,14
9626,14
38117,14
9100,14
12211,14
137,14
36819,14
15301,14
2619,14
164372,14
1024,14
290825,14
10991,14
252,14
84175,14
13856,14
158752,14
24869,14
985,14
105864,16
82690,16
5255,16
10527,16
5559,16
50321,16
11619,16
81188,16
270946,16
9502,16
17578,16
49519,16
10545,16
11688,16
9016,16
10501,16
7484,16
7518,16
9023,16
293644,16
8587,16
309809,16
953,16
211672,16
153518,16
809,16
12610,16
9837,16
8916,16
77174,16
10199,16
137106,16
16866,16
14411,16
10530,16
808,16
9975,16
228326,16
10386,16
9487,16
18937,16
10315,16
77459,16
1273,16
16340,16
533,16
57089,16
223702,16
36696,16
4935,16
14873,16
12819,16
133931,16
9389,16
19405,16
149,16
20455,16
292481,16
142061,16
9662,16
8885,16
408,16
46256,16
254,18
72190,18
17979,18
44826,18
157336,18
4922,18
117251,18
652,18
147441,18
281957,18
2503,18
87827,18
42888,18
254128,18
98,18
18487,18
9268,18
106646,18
205775,18
29193,18
37786,18
7980,18
921,18
8358,18
2502,18
9798,18
297,18
9339,18
1949,18
8656,18
9291,18
8834,18
228150,18
594,18
6538,18
9567,18
2026,18
20829,18
197,18
1997,18
152760,18
978,18
44564,18
80585,18
201088,18
26428,18
300673,18
12113,18
1844,18
72976,18
41733,18
345,18
196867,18
9440,18
257,18
253412,18
9331,18
300168,18
3536,18
9087,18
273248,18
497,18
2501,18
2275,18
37165,18
5994,18
75780,18
9509,18
137094,18
7485,18
82682,18
9849,18
12201,18
4958,18
2100,18
11358,18
13,18
8488,18
109424,18
7303,18
9315,18
8818,18
3580,18
12123,18
9833,18
242,18
9621,18
261023,18
3683,18
97630,18
1850,18
9390,18
10312,18
388,18
50646,18
6950,18
2251,18
300671,18
66,18
4421,18
11892,18
1248,18
12220,18
10782,18
9573,18
10047,18
9770,18
109491,18
10416,18
1900,18
4547,18
2148,18
9894,18
11091,18
325789,18
11130,18
10478,18
82525,18
5955,18
10858,18
1494,18
819,18
10935,18
10468,18
25189,18
1830,18
9476,18
10398,18
1645,18
193756,18
24803,18
9036,18
296098,18
8007,18
50348,18
2044,18
209451,18
10385,18
11431,18
38357,18
13536,18
10461,18
80278,18
16643,18
78698,18
266396,18
8271,18
11934,18
14392,18
8842,18
12289,18
44865,18
12508,18
10534,18
23168,18
4944,18
227735,18
8409,18
365222,18
350,18
2118,18
140823,18
9366,18
49022,18
8197,18
11004,18
144336,18
285783,18
9726,18
21311,18
85446,18
12596,18
3594,18
157841,18
10253,18
38073,18
120467,18
10559,18
9032,18
11036,18
18126,18
4476,18
9598,18
4133,18
10207,18
21972,18
37056,18
307081,18
293863,18
1262,18
9452,18
16232,18
43539,18
11702,18
46829,18
4512,18
76349,18
1874,18
215211,18
315664,18
318846,18
9428,18
78,18
192102,18
10025,18
10317,18
13490,18
9583,18
8944,18
169917,18
31640,18
788,18
117,18
6977,18
392,18
1265,18
75174,18
10030,18
9655,18
152737,18
319888,18
1909,18
8051,18
60309,18
59440,18
9903,18
20766,18
72113,18
12404,18
48034,18
83770,18
174751,18
177,18
20761,18
41283,18
6973,18
354110,18
256917,18
251,18
11395,18
1642,18
270487,18
11661,18
164457,18
2196,18
1646,18
31005,18
840,18
274,18
65057,18
162,18
273895,18
9963,18
272878,18
33644,18
9895,18
27579,18
10139,18
617,18
243,18
38,18
577,18
9945,18
13159,18
526,18
22796,18
5915,18
9842,18
15644,18
290751,18
6963,18
2639,18
42618,18
109417,18
256962,18
23367,18
241239,18
13250,18
581,18
385383,18
2669,18
50725,18
22479,18
1878,18
2280,18
8643,18
21301,18
10013,18
160588,18
43959,18
44115,18
253235,18
522,18
245703,18
37903,18
43434,18
31166,18
8328,18
9675,18
26390,18
27759,18
9310,18
1491,18
4032,18
10673,18
83666,18
1417,18
16161,18
49950,18
13972,18
10571,18
30890,18
18475,18
9689,18
34647,18
185567,18
264656,18
35696,18
146,18
205596,18
17202,18
586,18
134411,18
77016,18
11478,18
10564,18
947,18
17127,18
17880,18
11495,18
9686,18
14024,18
8321,18
1018,18
38031,18
13853,18
253450,18
10185,18
13501,18
264999,18
71688,18
10368,18
1440,18
43949,18
9603,18
801,18
332567,18
15250,18
38223,18
492,18
3682,18
144340,18
8952,18
62204,18
9504,18
37414,18
14574,18
21612,18
36691,18
10611,18
9281,18
9762,18
76726,18
10269,18
222935,18
57157,18
46889,18
387,18
14799,18
1255,18
8669,18
179144,18
844,18
8060,18
15907,18
327,18
13079,18
50601,18
10377,18
1817,18
1587,18
11109,18
63020,18
96399,18
304410,18
9289,18
9034,18
15037,18
227,18
11545,18
27322,18
88005,18
24034,18
9952,18
256924,18
252512,18
73567,18
41479,18
25350,18
66767,18
219,18
40794,18
10472,18
14181,18
10705,18
9685,18
14057,18
12454,18
8883,18
19644,18
11818,18
242582,18
773,18
235,18
10734,18
40807,18
1359,18
14629,18
44009,18
43923,18
46138,18
403,18
9388,18
2610,18
11308,18
2011,18
7326,18
19913,18
17908,18
398,18
308639,18
12573,18
44718,18
241771,18
39053,18
39210,18
1956,18
306745,18
9571,18
650,18
8998,18
18923,18
62255,18
338,18
642,18
1725,18
16158,18
10215,18
15256,18
9282,18
97614,18
3482,18
455,18
1548,18
4997,18
193722,18
16633,18
211954,18
504,18
173,18
147773,18
24266,18
59968,18
323677,18
24973,18
8346,18
13090,18
14662,18
17431,18
13996,18
45658,18
4553,18
1415,18
14474,18
8744,18
244403,18
297596,18
64720,18
712,18
10339,18
1429,18
9303,18
641,18
141,18
39800,18
116613,18
11826,18
10947,18
703,18
27191,18
987,18
39781,18
5925,18
1809,18
2370,18
11013,18
48309,18
44945,18
60422,18
22301,18
8618,18
18900,18
26268,18
573,18
25376,18
14256,18
20055,18
256740,18
50839,18
13973,18
11129,18
11564,18
108346,18
805,18
284,18
132344,18
40247,18
868,18
10683,18
11229,18
342,18
192210,18
248,18
24748,18
401,18
157386,18
360339,18
595,18
226,18
55604,18
11023,18
7873,18
331190,18
15186,18
1378,18
34335,18
3766,18
153795,18
21309,18
38358,18
104,18
11426,18
592,18
3083,18
10707,18
308529,18
18079,18
46729,18
137347,18
19997,18
215924,18
811,18
103,18
5722,18
18712,18
26791,18
21413,18
46727,18
18206,18
186935,18
269057,18
654,18
3170,18
838,18
211086,18
12281,18
346,18
45649,18
15389,18
11240,18
55123,18
1550,18
2255,18
109729,18
40920,18
5822,18
39141,18
473,18
14337,18
6479,27
7978,27
2655,27
6171,27
71679,27
8078,27
9009,27
257445,27
1813,27
36586,27
10320,27
60304,27
928,27
9095,27
9360,27
2637,27
6114,27
9913,27
10391,27
9306,27
19898,27
9348,27
118957,27
6488,27
133805,27
11058,27
11249,27
924,27
10577,27
10016,27
58431,27
1551,27
9092,27
46261,27
11152,27
43931,27
11954,27
43593,27
19908,27
24100,27
8968,27
19901,27
539,27
61012,27
41402,27
4232,27
29427,27
19994,27
9035,27
65086,27
9424,27
14435,27
12158,27
23988,27
11186,27
5876,27
157544,27
9552,27
9030,27
10212,27
86825,27
8913,27
927,27
13937,27
766,27
316727,27
11804,27
280092,27
9362,27
17577,27
244316,27
11217,27
10873,27
12192,27
301365,27
10925,27
25066,27
10664,27
243940,27
46838,27
36419,27
362105,27
8337,27
52015,27
310131,27
205321,27
46146,27
125490,27
158015,27
10285,27
15158,27
246403,27
234212,27
139038,27
254472,27
50698,27
10894,27
1961,27
39895,27
11298,27
10643,27
76487,27
9707,27
139715,27
11980,27
35073,27
74777,27
290391,27
36095,27
559,28
10764,28
24428,28
1865,28
271110,28
44833,28
36668,28
8373,28
91314,28
20526,28
44912,28
217,28
155,28
1735,28
9804,28
14869,28
10138,28
119450,28
64686,28
503,28
87101,28
8960,28
2080,28
605,28
604,28
19585,28
956,28
36669,28
2310,28
616,28
13475,28
557,28
82702,28
1927,28
72559,28
2114,28
36643,28
1724,28
102899,28
101299,28
8961,28
82700,28
38055,28
49524,28
36658,28
58574,28
955,28
1250,28
68724,28
1894,28
1893,28
12100,28
98566,28
308531,28
714,28
80274,28
1495,28
36557,28
2059,28
2486,28
563,28
22972,28
1734,28
331,28
61791,28
10661,28
10003,28
10357,28
49852,28
52451,28
157350,28
10159,28
954,28
274854,28
8870,28
72545,28
8698,28
330,28
9693,28
36657,28
10555,28
612,28
203801,28
37958,28
7450,28
4349,28
16869,28
200,28
2756,28
49017,28
9882,28
8814,28
52520,28
5137,28
4614,28
36648,28
11412,28
16577,28
12160,28
710,28
11128,28
1487,28
6278,28
201,28
190859,28
72431,28
156022,28
8584,28
8077,28
10632,28
285923,28
2112,28
1577,28
316152,28
13498,28
89,28
198184,28
260346,28
8592,28
199,28
9869,28
36647,28
7737,28
9486,28
9826,28
9457,28
116977,28
5503,28
834,28
709,28
7461,28
440,28
11398,28
9978,28
9495,28
16320,28
9531,28
193,28
87421,28
14324,28
96721,28
2163,28
36670,28
268,28
943,28
12437,28
1576,28
169,28
336004,28
59965,28
49526,28
849,28
71469,28
1892,28
172,28
707,28
9920,28
9053,28
87,28
699,28
700,28
174,28
42807,28
1613,28
619,28
77866,28
11237,28
11165,28
10167,28
33157,28
290864,28
1891,28
30596,28
277,28
287948,28
10724,28
8456,28
85,28
20391,28
107985,28
755,28
8198,28
62630,28
157,28
218043,28
106,28
20483,28
290555,28
241254,28
679,28
9594,28
4638,28
8009,28
8854,28
2110,28
64690,28
254904,28
16353,28
23759,28
24206,28
20083,28
691,28
44092,28
11967,28
9950,28
11,28
28932,28
14877,28
43090,28
208869,28
348,28
660,28
9400,28
327833,28
668,28
13072,28
10425,28
33542,28
312113,28
681,28
253,28
8068,28
10803,28
682,28
22314,28
13006,28
7347,28
1103,28
10622,28
11935,28
375290,28
3040,28
11536,28
48572,28
81390,28
34769,28
9516,28
658,28
13025,28
45132,28
8810,28
329540,28
646,28
39833,28
378237,28
18533,28
9659,28
41154,35
5174,35
14160,35
2698,35
150540,35
118,35
2062,35
65759,35
44896,35
228161,35
181533,35
8871,35
37834,35
585,35
787,35
27581,35
18162,35
10214,35
11692,35
9408,35
9890,35
57800,35
863,35
5175,35
22794,35
8355,35
116745,35
7446,35
257344,35
9836,35
76492,35
59108,35
12107,35
16281,35
310,35
146216,35
11665,35
6964,35
9928,35
10202,35
50546,35
2300,35
159824,35
10715,35
9447,35
93456,35
2976,35
37821,35
9297,35
3172,35
8676,35
35,35
11517,35
425,35
9021,35
4244,35
256591,35
59962,35
9955,35
50359,35
136400,35
2642,35
9279,35
274479,35
170687,35
16558,35
11775,35
8285,35
9713,35
889,35
10589,35
10022,35
9327,35
10603,35
8839,35
9374,35
175574,35
116149,35
9767,35
11817,35
9907,35
187017,35
302699,35
224141,35
74465,35
8920,35
306,35
4599,35
38579,35
421,35
9548,35
18947,35
9896,35
1636,35
1389,35
5393,35
888,35
7350,35
4379,35
9981,35
7453,35
17379,35
20856,35
2185,35
11812,35
64688,35
509,35
7443,35
136795,35
9607,35
54054,35
228967,35
27936,35
165,35
196,35
323675,35
6073,35
68179,35
39513,35
7288,35
72358,35
62214,35
10833,35
256961,35
76494,35
10488,35
23742,35
11001,35
23048,35
222936,35
75531,35
817,35
10054,35
11459,35
50544,35
11918,35
10012,35
268920,35
1969,35
2162,35
9600,35
11888,35
109414,35
38322,35
11519,35
11141,35
3587,35
24662,35
1574,35
862,35
2907,35
9273,35
11836,35
2755,35
82654,35
82696,35
59436,35
9013,35
10776,35
14034,35
18550,35
43347,35
58151,35
218778,35
15198,35
23172,35
17834,35
525,35
245,35
9825,35
56288,35
10189,35
316002,35
168530,35
11283,35
12277,35
9779,35
12620,35
1268,35
11932,35
9290,35
13374,35
9067,35
2621,35
10208,35
20697,35
70868,35
40688,35
9737,35
21349,35
22215,35
544,35
11090,35
11323,35
109513,35
81836,35
9473,35
82693,35
19255,35
10187,35
96,35
8872,35
14405,35
11637,35
40264,35
239678,35
59860,35
13596,35
9470,35
18357,35
13805,35
9716,35
14396,35
21755,35
43935,35
105,35
25195,35
854,35
10147,35
816,35
302688,35
60307,35
194662,35
10535,35
10364,35
22327,35
10982,35
7516,35
26602,35
74643,35
12657,35
90,35
4011,35
18736,35
287903,35
14736,35
342521,35
12257,35
16222,35
5236,35
6552,35
9104,35
114,35
22345,35
5172,35
59678,35
23631,35
45324,35
126319,35
3179,35
7510,35
12094,35
256092,35
17708,35
121826,35
80271,35
24137,35
13067,35
88641,35
10890,35
16781,35
1648,35
74534,35
1832,35
26352,35
9526,35
268238,35
9515,35
82532,35
29076,35
14195,35
68684,35
16162,35
9671,35
1547,35
272693,35
11971,35
14429,35
9962,35
15049,35
291270,35
10288,35
44147,35
77930,35
11342,35
14578,35
9430,35
2293,35
28053,35
67913,35
231576,35
1555,35
138697,35
9012,35
71,35
747,35
351819,35
15745,35
31175,35
50848,35
166624,35
165864,35
13408,35
5,35
25719,35
25209,35
5178,35
23330,35
765,35
49010,35
100975,35
79587,35
66942,35
15875,35
11072,35
84329,35
7512,35
935,35
3082,35
19187,35
98369,35
26815,35
5769,35
242083,35
15708,35
14451,35
2056,35
117942,35
3062,35
762,35
13282,35
324352,35
51942,35
173224,35
21334,35
84355,35
9372,35
47607,35
692,35
1966,36
2024,36
3131,36
76758,36
855,36
10733,36
8665,36
4464,36
1904,36
1439,36
10590,36
857,36
1852,36
22954,36
13922,36
1722,36
4517,36
16072,36
8741,36
10533,36
113464,36
8095,36
11831,36
1887,36
19495,36
1883,36
2447,36
10410,36
18320,36
26843,36
192136,36
18254,36
11400,36
14292,36
9549,36
61891,36
1934,36
5902,36
10523,36
424,36
746,36
4518,36
293646,36
783,36
76203,36
2428,36
17277,36
279,36
9829,36
321697,36
127560,36
205,36
45269,36
613,36
11202,36
14299,36
21345,36
30973,36
42345,36
14729,36
184374,36
43418,36
1116,36
11620,36
3291,36
28089,36
13537,36
58882,36
16564,36
9443,36
1955,36
152532,36
29996,36
46332,36
874,36
826,36
821,36
28005,36
549,36
887,36
72913,36
1779,36
68718,37
347969,37
20533,37
13496,37
12106,37
12690,37
576,37
29715,37
296,53
27205,53
95,53
56292,53
74,53
51497,53
49040,53
324668,53
49047,53
1571,53
1635,53
180,53
280,53
36955,53
37710,53
1372,53
47964,53
44048,53
1422,53
1572,53
2253,53
179,53
4477,53
9772,53
59961,53
298,53
9884,53
9341,53
11324,53
1701,53
13027,53
20504,53
11618,53
14462,53
11973,53
9533,53
4858,53
8909,53
9741,53
2675,53
3595,53
1573,53
9257,53
9697,53
117263,53
107846,53
9008,53
1880,53
10483,53
100241,53
189,53
210577,53
39538,53
4824,53
3512,53
5820,53
8963,53
8984,53
8195,53
34314,53
10375,53
1717,53
11456,53
38050,53
225574,53
752,53
46529,53
231,53
2649,53
216282,53
6623,53
9624,53
9879,53
4959,53
11615,53
11968,53
69668,53
38363,53
11863,53
18501,53
47327,53
181283,53
10684,53
10731,53
146233,53
2636,53
38153,53
68734,53
9623,53
27582,53
49730,53
745,53
49527,53
187,53
820,53
4970,53
62835,53
9544,53
1272,53
1957,53
11306,53
8470,53
48171,53
1598,53
49530,53
94348,53
10685,53
13460,53
59,53
9335,53
8012,53
59967,53
4105,53
16871,53
4513,53
22970,53
50456,53
48340,53
2122,53
37707,53
146238,53
45610,53
10955,53
562,53
2832,53
5125,53
186,53
8080,53
16617,53
11460,53
7445,53
2057,53
70436,53
8681,53
162903,53
7191,53
794,53
11351,53
10431,53
276907,53
65055,53
1770,53
17707,53
77883,53
64639,53
242166,53
10866,53
70435,53
580,53
2453,53
3021,53
8999,53
2176,53
204082,53
9075,53
204922,53
38985,53
1073,53
7341,53
49517,53
1946,53
9682,53
579,53
138843,53
21208,53
314365,53
1975,53
76617,53
48289,53
17182,53
10069,53
9414,53
81796,53
15092,53
146198,53
48231,53
77948,53
694,53
10065,53
2575,53
3597,53
948,53
9792,53
16028,53
2989,53
79694,53
13788,53
10053,53
18405,53
11442,53
1562,53
116,53
9793,53
12162,53
64689,53
7501,53
1988,53
8461,53
10045,53
74536,53
9877,53
11586,53
44214,53
10131,53
1954,53
136835,53
264644,53
28211,53
158011,53
319,53
578,53
75674,53
9357,53
1948,53
60599,53
227719,53
12088,53
10944,53
4170,53
12149,53
11917,53
373314,53
214,53
663,53
8922,53
10163,53
10135,53
20616,53
9902,53
14283,53
329440,53
101173,53
18191,53
245846,53
78383,53
667,53
10306,53
10585,53
238636,53
6521,53
9656,53
170,53
11596,53
22821,53
1958,53
13154,53
7735,53
71859,53
27004,53
8374,53
78381,53
14576,53
82505,53
10514,53
4836,53
87499,53
218,53
10160,53
11361,53
83686,53
58626,53
51995,53
91586,53
345911,53
10072,53
11284,53
227348,53
77,53
256274,53
10283,53
10987,53
11357,53
50357,53
192141,53
298312,53
57876,53
77949,53
77987,53
146203,53
39303,53
41436,53
82507,53
5780,53
670,53
260947,53
10281,53
9730,53
14139,53
8875,53
9728,53
9731,53
657,53
270303,53
582,53
55,53
10656,53
18616,53
26388,53
1999,53
49018,53
104755,53
312791,53
9725,53
500,53
94329,53
277685,53
10092,53
207769,53
2652,53
9813,53
74725,53
58428,53
36584,53
75986,53
83,53
43933,53
2786,53
299245,53
20981,53
49026,80
9799,80
272,80
415,80
163,80
40805,80
9679,80
11322,80
4982,80
414,80
314,80
257088,80
65754,80
1535,80
161,80
9615,80
754,80
4147,80
9705,80
584,80
75656,80
4551,80
33909,80
11371,80
136797,80
818,80
9072,80
9654,80
1538,80
9384,80
267860,80
9932,80
13389,80
8838,80
24,80
393,80
70074,80
22803,80
640,80
524,80
26389,80
2116,80
22832,80
241554,80
2252,80
9923,80
9275,80
12634,80
913,80
82675,80
1493,80
2034,80
13184,80
10027,80
2749,80
168672,80
1213,80
11565,80
11975,80
8224,80
203,80
6071,80
10428,80
138832,80
51540,80
109431,80
8065,80
88794,80
98357,80
119283,80
22787,80
13056,80
9702,80
9311,80
9280,80
127493,80
10877,80
326,80
7220,80
72387,80
22907,80
182,80
322,80
9535,80
8292,80
36593,80
273481,80
109421,80
9271,80
184346,80
13150,80
76640,80
9989,80
311,80
265208,80
4912,80
23483,80
2001,80
254473,80
134374,80
11509,80
2085,80
769,80
111,80
2140,80
10623,80
190955,80
278,80
284536,80
11699,80
109091,80
2069,80
10480,80
37137,80
10878,80
4108,80
1051,80
13279,80
8848,80
1266,80
470,80
4597,80
5971,80
11835,80
106747,80
199373,80
6968,80
12150,80
2757,80
146227,80
13809,80
332411,80
1620,80
41439,80
7304,80
10629,80
25166,80
68727,80
18777,80
2142,80
97367,80
115,80
4911,80
8053,80
6687,80
400,80
86838,80
240,80
11592,80
2084,80
47502,80
16,80
184,80
57214,80
10220,80
11027,80
107,80
9455,80
1542,80
10029,80
2088,80
10388,80
68812,80
13483,80
680,80
9490,80
13197,80
302,80
389425,80
11022,80
25941,80
238,80
14112,80
334527,80
629,80
92591,80
20794,80
8982,80
9277,80
21610,80
122081,80
14854,80
11042,80
16148,80
36351,80
245916,80
313922,80
13685,80
9336,80
12079,80
13807,80
11386,80
9809,80
8141,80
37495,80
598,80
627,80
5854,80
26039,80
43213,80
11798,80
364083,80
95755,80
43947,80
24066,80
9344,80
13820,80
507,80
100,80
39939,80
9367,80
13576,99
16290,99
37003,99
89708,99
292,99
9459,99
324322,99
21525,99
139948,99
534,878
68726,878
38356,878
1726,878
137113,878
118340,878
49538,878
1858,878
2789,878
97020,878
75612,878
76170,878
262500,878
262504,878
39254,878
2048,878
869,878
83542,878
157353,878
644,878
686,878
9383,878
2277,878
49049,878
10200,878
19959,878
5491,878
10077,878
395,878
44943,878
846,878
603,878
329,878
8914,878
8645,878
38321,878
8413,878
10384,878
11260,878
8202,878
37686,878
10796,878
167,878
88751,878
841,878
228066,878
240832,878
34851,878
10366,878
4965,878
110415,878
299687,878
782,878
8843,878
2900,878
45612,878
31867,878
865,878
10350,878
192577,878
8831,878
2666,878
227156,878
22825,878
2787,878
152601,878
957,878
3509,878
7299,878
10017,878
8408,878
12120,878
1090,878
68,878
19,878
262543,878
11470,878
97370,878
264660,878
59457,878
860,878
13812,878
31915,878
10133,878
11336,878
22824,878
106845,878
11827,878
62215,878
10179,878
110402,878
13001,878
33155,878
333371,878
199933,878
29426,878
1685,878
3034,878
1687,878
20764,878
28260,878
1705,878
205126,878
1688,878
23730,878
50037,878
320146,878
30315,878
18045,878
431,878
55420,878
33468,878
242095,878
13448,9648
13183,9648
27576,9648
591,9648
11026,9648
8688,9648
6947,9648
1903,9648
3093,9648
11015,9648
12117,9648
9566,9648
588,9648
9481,9648
320,9648
9944,9648
768,9648
11439,9648
37233,9648
11560,9648
4234,9648
19912,9648
48138,9648
1124,9648
1586,9648
41446,9648
55779,9648
30943,9648
622,9648
1091,9648
13515,9648
8836,9648
198663,9648
11313,9648
807,9648
3489,9648
11208,9648
9667,9648
2043,9648
9437,9648
28355,9648
9358,9648
238615,9648
1985,9648
9286,9648
11096,9648
15992,9648
8338,9648
9729,9648
4233,9648
3600,9648
4566,9648
14359,9648
9645,9648
6933,9648
10740,9648
11377,9648
5279,9648
11644,9648
11468,9648
18615,9648
9276,9648
18681,9648
12403,9648
18041,9648
26688,9648
3049,9648
11601,9648
286565,9648
22804,9648
62,9648
1970,9648
321258,9648
44040,9648
328425,9648
11507,9648
47890,9648
12245,9648
11588,9648
11033,9648
837,9648
26748,9648
24913,9648
512,9648
10225,9648
351043,9648
10676,9648
8329,9648
92182,9648
309919,9648
4174,9648
10972,9648
23963,9648
301325,9648
223,9648
176,9648
11219,9648
271185,9648
9022,9648
2667,9648
23827,9648
10197,10402
59981,10402
82695,10402
786,10402
6477,10402
824,10402
9899,10402
1677,10402
11172,10402
10537,10402
6575,10402
254470,10402
69,10402
277216,10402
6478,10402
19366,10402
1584,10402
3902,10402
10028,10402
10560,10402
175541,10402
114150,10402
9781,10402
16769,10402
15237,10402
10186,10402
1931,10402
54518,10402
101267,10402
86829,10402
12182,10402
88036,10402
164558,10402
27586,10402
67675,10402
25196,10402
16323,10402
198277,10402
535,10402
16620,10402
13370,10402
12535,10402
75861,10402
29463,10402
872,10402
43546,10402
43839,10402
301351,10402
159014,10402
3080,10402
704,10402
65203,10402
5723,10402
268917,10402
597,10749
64682,10749
676,10749
24113,10749
39451,10749
1581,10749
22897,10749
12193,10749
38317,10749
453,10749
1824,10749
11086,10749
4806,10749
3981,10749
9489,10749
11820,10749
12618,10749
12177,10749
693,10749
19899,10749
547,10749
9302,10749
9839,10749
4942,10749
1597,10749
8273,10749
42297,10749
802,10749
1819,10749
11631,10749
32856,10749
2898,10749
2022,10749
9919,10749
628,10749
9801,10749
10390,10749
8874,10749
508,10749
4148,10749
21355,10749
6639,10749
5966,10749
11066,10749
18240,10749
216015,10749
10184,10749
9889,10749
193610,10749
4380,10749
10761,10749
10641,10749
10647,10749
1833,10749
1921,10749
194,10749
24420,10749
11529,10749
20943,10749
55787,10749
5852,10749
259694,10749
11638,10749
409,10749
10806,10749
11648,10749
34806,10749
2288,10749
11622,10749
9541,10749
11823,10749
10436,10749
228205,10749
77875,10749
8055,10749
55721,10749
2770,10749
72570,10749
6557,10749
10333,10749
22947,10749
9870,10749
6023,10749
4347,10749
41233,10749
59861,10749
14846,10749
17813,10749
14844,10749
12771,10749
9778,10749
4348,10749
13092,10749
4964,10749
1259,10749
6957,10749
9454,10749
62838,10749
239571,10749
634,10749
41630,10749
77877,10749
14177,10749
22971,10749
40001,10749
20309,10749
152742,10749
859,10749
184098,10749
13476,10749
12658,10749
11632,10749
688,10749
10445,10749
1599,10749
20857,10749
13497,10749
35688,10749
296096,10749
38303,10749
34016,10749
226857,10749
9582,10749
63492,10749
10563,10749
171274,10749
314385,10749
14202,10749
41210,10749
23082,10749
25643,10749
19840,10749
10068,10749
33870,10749
2752,10749
23049,10749
255343,10749
4584,10749
2977,10749
639,10749
5038,10749
23169,10749
152599,10749
73935,10749
9576,10749
744,10749
22556,10749
9587,10749
266856,10749
6961,10749
1245,10749
45272,10749
51828,10749
19265,10749
42188,10749
454,10749
12405,10749
10998,10749
8291,10749
2830,10749
14434,10749
24940,10749
28029,10749
87729,10749
142,10749
10712,10749
222899,10749
4951,10749
25462,10749
10691,10749
58680,10749
2266,10749
84892,10749
79777,10749
13435,10749
6615,10749
2105,10749
67660,10749
1360,10749
14191,10749
31246,10749
10362,10749
38448,10749
907,10749
10229,10749
796,10749
167073,10749
3175,10749
10646,10749
20009,10749
14395,10749
10314,10749
9794,10749
41823,10749
10050,10749
7942,10749
73247,10749
25520,10749
1989,10749
12779,10749
20178,10749
39037,10749
217708,10749
9700,10749
86837,10749
14811,10749
17926,10749
25968,10749
10696,10749
29963,10749
26022,10749
225565,10749
23570,10749
26306,10749
7870,10749
24684,10749
2577,10749
713,10749
2074,10749
34653,10749
4251,10749
37080,10749
24985,10749
11452,10749
12163,10749
1443,10749
7547,10749
321,10749
1391,10749
22649,10749
1365,10749
451,10749
10744,10749
133575,10749
158150,10749
770,10749
35032,10749
11363,10749
55347,10749
11257,10749
261,10749
23531,10749
84174,10749
239,10749
43306,10749
468,10749
76,10749
17334,10749
17820,10749
11561,10749
80,10749
33667,10749
250124,10749
542,10749
191714,10749
34106,10749
129139,10749
30082,10749
86331,10749
289,10749
46705,10749
113947,10749
32456,10749
19344,10749
29146,10749
47889,10749
84332,10749
45145,10749
15624,10749
9029,10749
3078,10749
60420,10749
3060,10749
10218,10749
79120,10749
40652,10749
42497,10749
38757,10751
2454,10751
62211,10751
49013,10751
10193,10751
81005,10751
10681,10751
411,10751
15512,10751
158852,10751
177572,10751
10140,10751
13053,10751
49444,10751
266647,10751
80321,10751
267935,10751
77950,10751
10567,10751
7459,10751
41513,10751
13700,10751
77931,10751
10198,10751
12,10751
8204,10751
10674,10751
10865,10751
76285,10751
4523,10751
10481,10751
39691,10751
11544,10751
9986,10751
9574,10751
41515,10751
2157,10751
49948,10751
77951,10751
109451,10751
328111,10751
950,10751
15189,10751
10808,10751
3050,10751
23398,10751
20352,10751
14306,10751
9982,10751
10708,10751
10992,10751
14836,10751
10067,10751
2309,10751
58224,10751
9444,10751
13673,10751
13836,10751
11451,10751
14199,10751
926,10751
64328,10751
11359,10751
10895,10751
11011,10751
257932,10751
13600,10751
62837,10751
11802,10751
22949,10751
23479,10751
14175,10751
12429,10751
10719,10751
9353,10751
9880,10751
51162,10751
13967,10751
812,10751
14444,10751
10439,10751
34584,10751
13155,10751
15028,10751
36355,10751
15487,10751
1788,10751
24961,10751
14635,10751
13680,10751
82650,10751
17709,10751
772,10751
8326,10751
15655,10751
9570,10751
25132,10751
333348,10751
11113,10751
21765,10751
10800,10751
28178,10751
771,10751
33217,10751
11870,10751
2493,10751
9816,10751
10985,10751
56601,10751
19084,10751
34549,10751
10414,10751
17917,10751
294272,10751
268171,10751
15699,10751
15121,10751
433,10751
14144,10751
37206,10751
1088,10751
26379,10751
1667,10751
1585,10751
20737,10751
34086,10751
630,10751
17264,10751
61038,10751
756,10751
20653,10751
246449,10751
371690,10751
77934,10751
53182,10752
9425,10752
25,10752
57212,10752
10592,10752
227306,10752
12412,10752
11858,10752
423,10752
22267,10752
28,10752
8988,10752
10313,10752
13405,10752
11778,10752
53457,10752
2604,10752
18516,10752
283708,10752
46738,10752
792,10752
11600,10752
17139,10769
44413,10769
